TITLE,DATE
"공정위, 대금 뺀 불완전 계약서 교부한 SM엔터에 시정명령",2020-09-15 10:55
"버라이어티 500에 방시혁, 이미경, 이수만 등 이름 올려",2020-12-29 15:11
보아 “수면제 부작용 심해 日서 졸피뎀 처방” [전문],2020-12-18 0:23
"
			SM엔터테인먼트 ""엑소 멤버 변동 없다...첸 함께하기로""
		",2020.02.20. 오후 6:00
[차이나 비즈] SM 이수만 “中오디션 프로 만들겠다”…중국 팬들은 “엑소나 잘 챙겨”,2020-01-10 13:34
"
			엑소 첸, 이미 성당에서 결혼식 올렸다는데… SM ""사실무근""
		",2020.01.14. 오전 9:28
"원조 한류 보아, 졸피뎀 밀반입혐의 검찰소환",2020-12-17 21:38
“코 세우고 칼 갈았다”… 하트 휩쓴 오뚝이 미스트롯들,2020-12-26 3:06
중국서 가상 아이돌만 30팀 출연 첫 콘서트… 공산당이 작정하고 시장 키우기,2020-12-14 3:05
"[아무튼, 주말] 딸은 다른 우주에서 살고 있다… 4600만명 몰린 ‘메타버스’를 아십니까",2020-12-12 3:07
"
			팬데믹을 기회로, IT를 무기로… 빌보드 점령한 K팝
		",2020.10.14. 오전 3:08
"
			엑소 수호, 데뷔 8년 만에 첫 솔로 앨범 '자화상' 발매
		",2020.03.06. 오후 4:05
"
			“결혼한 첸, 나가라”… 일부 엑소 팬들 거리로 나와 시위
		",2020.01.20. 오전 9:22
"檢, 창원SM타운 특혜 의혹 안상수 전 창원시장 등 무혐의",2020-01-13 16:44
"20세, 아이돌을 그만두다… 38세, 택배 박스를 포장하다",2020-11-21 3:03
"[Mint] 아이돌 댄스, 토익, 하버드 강의까지… AI가 학생 수준에 맞게 족집게 교육",2020-11-02 4:38
아세안 경제 주무르는 화상(華商) 3일간 창원으로 접속...한·세계화상비즈니스위크,2020-11-12 17:32
"LG 가로본능폰 할리우드 진출했네, 마이클 베이 감독 ‘송버드’에 등장",2020-11-10 11:31
‘韓·세계 華商비즈니스위크’ 창원서 12일부터 3일간 열려,2020-11-06 5:19
"SK텔레콤 “한국산 AR·VR로 해외 5G 콘텐츠 시장 휩쓴다""",2020-10-20 11:48
"아이린, 스타일리스트 갑질 의혹에 ”어리석은 태도·경솔한 언행 죄송”",2020-10-23 7:22
"
			봉준호 감독, ‘세계 엔터테인먼트 리더 500인’ 선정
		",2020.01.17. 오후 3:38
BTS도 ‘짹짹이’ 타고 날았다…K팝 팬덤의 놀이터 된 트위터,2020-09-24 19:17
"방탄소년단, 블랙핑크 전에 그녀가 있었다",2020-08-26 21:29
일도 취미도 집에서… 홈트·가전 매출이 이렇게 뛸 줄이야,2020-07-31 4:43
"'엑소' 백현, 솔로 앨범도 100만장 돌파",2020-07-02 4:21
"
			걸그룹 출신 스테파니, 23세 연상 前 메이저리거와 교제
		",2020.06.26. 오후 9:43
"동방신기 최강창민, 9월 결혼 발표…피앙세는  비연예인",2020-06-12 16:15
"잘키운 디지털 콘텐츠 하나, 반도체 안 부럽다",2020-06-11 3:05
파격 할인에 K팝 콘서트까지...비대면 'K쇼핑 축제' 열린다,2020-06-17 13:31
[만물상] 온라인 콘서트,2020-06-16 3:19
75만명이 본 '방방콘'… 90분간 260억 벌었다,2020-06-15 5:02
"[아무튼, 주말] 英國에도 트럼프같은 총리가 등장한다면",2020-04-04 3:02
"""BTS만 K팝 그룹이 아닙니다"" NCT 127, 빌보드 5위권 진입",2020-03-17 3:04
"
			소녀시대 태연 부친상… 신곡 발매 연기
		",2020.03.09. 오후 4:49
"대중문화계 스타들, 코로나 성금 전달",2020-02-29 3:49
"
			'BTS 소속' 빅히트엔터, 상장 준비… ""아직 결정된 바 없다""
		",2020.01.31. 오후 1:37
"
			'기생충' 아카데미 축하파티도 K팝이 장식… 그룹 '에이스'는 누구
		",2020.02.12. 오후 2:42
"
			강타·정유미, 열애 인정… 팬에서 연인으로
		",2020.02.04. 오전 10:56
"
			동방신기, 日 돔투어 관객 수 60만명 돌파… 추가 공연 결정
		",2020.01.20. 오전 10:39
"
			엑소 해외 팬, 때아닌 한국어 공부…""축복, 임신의 우회적 표현""
		",2020.01.13. 오후 4:57
"
			‘엑소’ 첸, 깜짝 결혼·임신 겹경사… “신부는 비연예인”
		",2020.01.13. 오후 3:28
"“딱 보니 투기네” 태연에 악플·루머... SM, 법적 대응 예고",2021-11-09 23:50
"SM엔터, 특별세무조사서 추징금 202억... “불복 절차 진행”",2021-02-05 20:05
이수만·방시혁·봉준호… 美 ‘버라이어티 500’에 뽑혀,2021-12-22 14:30
"SM “사생은 스토킹 행위, 선처‧합의 없이 강력 대응” [전문]",2021-07-16 14:42
"SM, 할리우드서 활동할 K팝 그룹 만든다",2021-05-07 20:05
종부세 피하려 아파트 판 부자들이 찾는 다음 투자처는?,2021-12-21 13:01
"[쫌아는기자들] 감정을 표현하고 노래도 하는 음성합성 엔진, 휴멜로",2021-12-09 15:17
“포르쉐를 방 안에 주차” 청담동에 350억짜리 아파트 들어선다,2021-12-17 14:26
"SM 이사 보아, 스톡옵션으로 1억원대 수익 챙겼다",2021-10-28 11:30
"2500억 부동산 사기, 태연도 당했다? SM 측 “파악 어려워”",2021-10-28 10:06
배두나·공유의 신작 스릴러는 190국 32언어로 동시 방영한다,2021-12-01 3:04
[모닝] 확장현실 ‘XR’로 SM아이돌 보세요,2021-10-12 3:02
車·옷·먹거리 회사도 몰려간다... 성수동 골목은 최신유행 실험실,2021-11-28 20:25
콘서트 기대감에 ‘떼창’하는 엔터株,2021-10-27 3:02
"‘상승률 세자릿수’ 대박 주식들, 공통점은 메타버스",2021-11-02 20:10
“中당국 시범 케이스”… ‘미성년 성폭행’ 크리스 중형 예상,2021-08-09 15:08
"이수만, 17세 연하 여기자에게 강남 50억대 빌라 증여",2021-07-21 16:12
루이비통 이어 포르쉐·불가리까지… 성폭행 의혹 前엑소 멤버 ‘손절’,2021-07-20 15:40
‘미성년 성폭행 의혹’ 前엑소 멤버 “사실이면 스스로 감옥 갈 것”,2021-07-19 15:08
前엑소 멤버 中서 성폭행 의혹… “미성년 피해자만 7명”,2021-07-19 6:06
이수만이 연예산업 미래 이야기한다… 대구서 세계문화산업 포럼,2021-06-30 13:36
가수 보아 졸피뎀 밀반입 혐의 불기소 처분… “심려 끼쳐 죄송”,2021-06-05 9:48
"‘K팝스쿨’ 한국선 못 열고, 결국 美에 세웠다",2021-01-16 3:21
‘페라가모의 여신’ 레드 벨벳 슬기… 그녀가 초대하는 한옥 파티 [최보윤의 명품평론학],2021-11-23 12:38
"“위법 아니지만 오해 방지”…백현, 군복무 중 유튜브 영상 내렸다",2021-11-18 13:59
"군 복무 엑소 첸, 아내 둘째 임신…두 아이 아빠된다",2021-11-17 6:34
“기업 골라 받을 만큼 꽉찼다” 성수동이 스타트업 심장된 까닭,2021-10-24 20:17
"[금주의 pick] ‘걸그룹, 메타버스 속으로’ 외",2021-10-12 3:04
"걸그룹 에스파, 첫 앨범으로 ‘빌보드 200’ 20위",2021-10-18 16:04
프랑스 럭셔리 하우스 지방시가 걸그룹 에스파위해 제작한 오뜨 쿠뛰르 의상 보니...,2021-10-10 8:28
"‘천상지희’ 출신 선데이, 유산 고백…“다음엔, 건강하게 와주렴”",2021-09-17 14:37
“학창시절 성매매·패싸움” NCT 루카스 사생활 추가 폭로,2021-08-26 15:12
"‘양다리 논란’ 루카스 “잘못된 행동이었고, 사과하고 싶다”",2021-08-25 16:58
"“두 마리가 25마리 돼버렸다”… 에스파 윈터, 햄스터 학대 논란",2021-09-01 8:32
"“루카스, 팬들에 셀카 보내라 요구” 폭로 나왔다…접근하려고?",2021-08-30 11:08
"레드벨벳 조이♥크러쉬, 4살차 커플 탄생…“최근 호감 가지고 만나”",2021-08-23 11:22
美서도 ‘엑소 출신’ 크리스 성폭행 폭로…“흰 알약에 정신 잃어”,2021-08-11 17:25
"태연 신곡, 창법·콘셉트 다 ‘도자캣’인데... 표절은 아니라고?",2021-08-15 22:19
"中공안, ‘미성년 성관계 의혹’ 크리스 정식 조사",2021-07-23 8:07
"‘불법 유흥주점 방문’ 유노윤호, 동심 예능으로 복귀 논란",2021-07-21 19:20
"“많이 먹으면 ‘돼지’, 조금 먹으면 ‘까탈’”… 태연, 악플에 일침",2021-07-07 9:39
"카카오가 네이버 처음 제쳤다, 김범수·이해진 ‘IT 왕좌의 게임’",2021-06-16 3:38
슈퍼주니어가 ‘국민의힘 대변인 오디션’ 지원?…  “사실무근”,2021-06-24 14:11
"데뷔 8개월 차 ‘에스파’, BTS 누르고 멜론 차트 1위",2021-06-23 3:02
"
			엑소 카이의 ‘패완핏(fit)’ 댄스!... tvN ‘악마는 정남이를 입는다 시즌2’
		",2021.06.12. 오후 5:40
"보송보송 털실, 지퍼,단추... 가상세계서 보고 산다",2021-05-21 3:03
"K팝, 세계 음악산업의 키를 잡다",2021-04-16 3:21
"“한국 드라마 따윈 볼 일 없을 거랬는데… 빌어먹을, 내가 빠져버렸네”",2021-04-16 3:19
北선전매체 “블랙핑크 한국서 노예취급 당해”,2021-03-16 21:59
방탄·블랙핑크·가가… 온라인 공연 한곳서 본다,2021-02-15 3:53
"유노윤호, 방역수칙 위반 수사받아… 청담동 음식점서 자정까지",2021-03-09 18:21
"마이크, 앰프에 미러볼까지… “집에 노래방 차렸습니다”",2021-02-27 3:10
그의 시선으로… 재창조된 우아함,2021-02-26 9:47
"빅히트 ‘위버스’ 지분 49%, 네이버에 넘긴다",2021-01-28 5:16
"네이버, 빅히트에 4119억 투자... K팝 괴물앱 만든다",2021-01-27 17:37
"일회성 아닌 ‘구독권’, 충성도 높은 해외팬… 랜선 콘서트는 쭈욱~ 갈거야",2021-01-03 18:17
"[이혜운의 뉴스 저격] 美 팝스타도, 힙합 1인자도 한류 마니아… ‘3차 한류’ 날개 달았다",2021-01-29 3:05
트럼프와 바이든의 키스? ‘알페스 소설’ 뭐길래 처벌법까지...,2021-01-21 12:43
"김상교, 효연에 재반박 “버닝썬 마약 여배우 못 본 척, 승리랑 친하잖나”",2021-01-15 10:54
"효연 “버닝썬 마약 여배우 목격? 내가 호구로 보이나, 참는 건 오늘까지”",2021-01-14 23:02
“남자 아이돌 성범죄 소설 ‘알페스' 처벌해달라” 청원 10만 넘어,2021-01-12 11:03
"엑소 백현·시우민·첸 “SM, 노예계약 강요...전속계약 해지 통보”",2023-06-01 11:10
"
			그룹 엑소 백현·시우민·첸 “전속계약 해지” 통보...소속사 SM “외부세력 이간질”
		",2023.06.01. 오후 4:17
"금감원 특사경, SM엔터 시세조종 의혹 관련 카카오 압수수색",2023-04-06 17:24
‘SM 시세조작 의혹’ 카카오 임직원 수사,2023-04-07 4:06
"카카오, SM 공개매수 대흥행... SM 주가는 11% 급락",2023-03-27 11:16
SM사태 이후 한풀 꺾인 엔터株… “전망 긍정적”,2023-03-21 3:02
"“가사가 모든 과정 대변”  SM 주총 앞둔 이수만, 선택한 노래",2023-03-31 13:16
하이브 횡재하나… 12만원에 산 SM 주식 15만원에 넘긴다,2023-03-25 3:04
카카오가 SM 경영권 가져가고… 하이브는 플랫폼 사업 협업,2023-03-13 3:02
"하이브, 카카오에 SM 지분 판다… 1100억 차익 예상",2023-03-24 15:27
"하이브, SM 인수 중단... 카카오에 경영권 넘기고 협력 합의",2023-03-12 11:24
하이브 “SM 인수 경쟁 과열로 적정가격 넘어”,2023-03-12 11:23
[단독]SM 놓고 ‘1조 쩐의 전쟁’ 카카오-하이브 전격 합의,2023-03-11 9:01
"SM, 공개매수 마감 앞두고 4%대 급락",2023-03-24 3:03
SM 폭등… 카카오 “SM 주식 15만원에 공개매수” 공시,2023-03-07 8:49
"카카오, SM 지분 확보 무산… 법원, 신주 취득 금지 가처분 인용",2023-03-03 17:54
"하이브 공개매수 참패, 카카오는 계약해지… SM 운명은",2023-03-06 17:43
"K팝 개척한 SM, 이수만 ‘1인 경영’하다 성장 발목",2023-02-25 3:01
"이수만 손 들어준 법원...“카카오, SM 신주 취득은 위법”",2023-03-04 3:06
SM 2대 주주 오르는 카카오 “양측 강점 살려 전방위 시너지 효과”,2023-02-10 15:30
"카카오, SM엔터 2대 주주 됐다... 이수만 “상법 위반” 반발",2023-02-07 17:54
"SM, ‘이수만 없는’ 3.0 시대 연다...”연내 신인 그룹 3팀 데뷔”",2023-02-03 15:11
文 정부 ‘학생 전수 평가 폐지’ 이후 기초학력 미달생 계속 증가,2023-06-21 20:58
“하이브·JYP·SM 온 뒤 매출 껑충”… 기획사 상권 뜬다,2023-04-14 4:58
"하이브, SM주식 절반도 못팔았다",2023-03-28 3:03
SM 인수 치열해지자… 엔터주 보유 개미들 신났다,2023-03-10 3:03
"“1조 이상 베팅”… 카카오·하이브, SM 놓고 ‘쩐의 전쟁’",2023-03-08 3:16
경영권 인수전 막 내리니… SM 주가 23% 곤두박질,2023-03-13 16:42
못말리는 SM 주가,2023-03-09 3:04
"이복현, SM 시세조종 의혹에 “무관용으로 책임 묻겠다”",2023-03-02 14:59
"SM 공개매수 마지막 날, 주가 5%대 급등...하이브 VS 카카오 향방은?",2023-02-28 14:56
SM 주가 60% 뛰기 6주 전 경영이슈 거론한 국내 증권사,2023-02-27 3:03
"[김도훈의 유행민감] 유행은 사라지고 개성은 휘발되는, 독점적 ‘멋진 신세계’",2023-06-09 3:03
SM “하이브에 합병되면 SM 가수들 뒷전될 것” 또 비판 성명,2023-02-20 14:57
‘SM 전쟁’ 촉발 이창환 “기업 가치 높여 이익 내는 게 목표… 사회운동 아니다”,2023-02-12 15:37
"이성수 SM 대표 “주총후 사임할 것… 이수만, 무릎 꿇고 모두에 용서구해야”",2023-02-18 3:03
"이수만, 처조카가 등돌리자 라이벌과 연합… SM 지분전쟁 내막",2023-02-11 3:05
이수만 처조카 “SM 대표 사임... 그의 탐욕‧독재 못 막았다”,2023-02-17 21:50
SM 지분 전쟁… 하이브가 15%이상 인수땐 독과점 심사 받는다,2023-02-10 15:10
"이수만 지분 사들인 방시혁… 하이브-카카오, SM 주인 놓고 격돌",2023-02-10 15:48
"SM 처조카의 폭로전 “이수만 역외탈세 의혹, 하이브는 몰랐나”",2023-02-16 11:29
[Biz 톡] 계란으로 바위 쳐 SM 흔든 ‘행동주의’ 韓 시장서 자리잡나,2023-02-13 3:33
SM 주가 12만원 뚫어…하이브 공개매수 지분확보에도 적신호,2023-02-15 21:08
"이수만, SM 분쟁 후 첫 공식석상…경영권 질문엔 침묵",2023-02-14 20:54
"하이브, SM 공개매수 돌입… 고래싸움에 새우들 신났다",2023-02-14 3:03
"SM 놓고, 하이브·카카오 전쟁 시작됐다",2023-02-11 3:05
“이수만 퇴진 반대” 김민종에 직원들 “정신 차려야”…SM 내분 터졌다,2023-02-07 7:06
K팝이 반도체·AI에 흠뻑 빠졌다,2023-05-11 3:03
[단독] BTS 단체활동 중단 발표전 주식 매도?,2023-04-29 5:01
위기인가 성장통인가… 기로에 선 K팝,2023-02-25 3:02
"[논설실의 뉴스 읽기] 자본시장 흔드는 행동주의 투자자… 하이에나인가, 창조적 파괴자인가",2023-02-24 3:05
“의장! 이의 있습니다” 행동주의 펀드의 이 외침 ‘구원자’인가 ‘약탈자’인가,2023-03-09 22:01
월가도 울고 갈 ‘쩐’의 드리블⋯ 카카오·네이버·하이브·CJ의 베팅 [류현정의 아하! 스토리],2023-02-16 7:01
"추가 폭로 예고한 이수만 처조카… 국세청, 탈세의혹 확인 착수",2023-02-17 3:44
"“자사주 매입, 배당 늘려라”… 행동주의 개미들의 진격",2023-02-22 3:02
[만물상] 이수만의 퇴장,2023-02-06 3:09
6조원 ‘백현 마이스’ DL이앤씨서 수주,2023-05-30 3:02
[단독] 전세계 아미 “BTS 보러 서울 가자”… 방 구하기 전쟁,2023-05-18 5:01
아티스트 속속 복귀하자… 엔터株 상승세,2023-04-18 3:03
롯데 13년만에 재계 순위 6위로 밀려… 5위 올라선 기업은,2023-04-25 15:12
"올해 주가 크게 오른 주식, 사연 알고보니",2023-04-10 16:51
"79조 손실 올들어 만회했다는 국민연금, 무슨 종목 샀길래",2023-04-22 10:01
한국 부자 순위 바꿨다...사모펀드 부자[만물상],2023-04-19 20:18
"행동주의 펀드 쓴잔, 국민연금은 실속… 희비 갈린 주총",2023-04-03 3:57
[일사일언] 있을 때 잘해,2023-04-07 3:01
"올해 경영권 분쟁, 3년전의 2배 넘어… 주가 급등에 개미들 신났다",2023-03-23 21:01
하이브 공화국 vs 카카오 제국... “오만·분열로 망한 J팝처럼 될라”,2023-02-18 3:03
"퀴즈왕 출신 흙수저, 1%의 주주 권리로 K팝 지축 흔들다",2023-02-25 3:09
싸이·BTS 이후… 세계가 따라부르는 ‘대형 히트곡’이 없다,2023-02-25 3:01
"[WEEKLY BIZ LETTER] 행동주의 펀드, 구원자일까 약탈자일까",2023-03-13 18:26
"한샘, 공개매수 여파로 주가 20% 급등",2023-03-02 17:15
[7NEWS] 마일리지에 손 대려다 ‘손 덴’ 대한항공,2023-02-20 19:01
"KKR·칼라일 출신들, 자본시장 격변 일으키다",2023-02-15 3:03
"[7NEWS]저출산고령위, 나경원 전 의원 해임후 존재감 더 높여야!",2023-02-06 7:01
“배당 늘려라” “경영진 바꿔라”… 행동주의펀드와 소액주주 목소리 커져,2023-02-17 3:44
진격의 행동주의 펀드… 7대 금융지주 배당까지 늘릴 수 있을까?,2023-01-17 17:56
모두 얼어붙었는데 여기만 뜨겁다… 공실률 ‘0’의 거리,2023-01-31 3:03
"‘8명 성폭행’ 엑소 출신 크리스, 형기 채운 뒤 화학적 거세?",2023-01-17 16:23
"
			슈퍼주니어 前멤버 한경, 중국계 美 배우와 결혼
		",2019.12.31. 오후 5:46
"
			'동방신기' 최강창민, 연하의 비연예인 여성과 열애 인정
		",2019.12.30. 오전 11:19
"
			설리 빈소, 팬 조문 허용…SM엔터 ""따뜻한 인사할 수 있기를""
		",2019.10.15. 오후 5:56
"
			에프엑스 앰버 이어 루나도 SM 떠난다…""빅토리아 새 방식 협업""
		",2019.09.05. 오후 5:52
"
			에프엑스 엠버, SM 떠난다...""기다려준 분들 감사""
		",2019.09.01. 오후 4:26
"
			SM 민희진 전 이사 BTS의 '빅히트' 합류
		",2019.07.01. 오전 11:20
"
			SBS서 부상 당한 웬디, 레드벨벳 당분간 무대 못선다
		",2019.12.26. 오후 1:08
"
			“웬디 떨어진 리프트, 전날 BTS 때도 말썽”… SBS 비난 쇄도
		",2019.12.26. 오전 7:59
"'SM의 어벤져스' 데뷔 앨범, 열흘만에 빌보드 1위",2019-10-15 3:24
"
			""K팝 어벤져스""...SM, 샤이니·엑소·NCT 등 7인 구성 ‘슈퍼엠’ 발표
		",2019.08.08. 오전 10:13
21세기판 '라이브 에이드' 내년 9월 한국에서 열린다,2019-11-25 3:06
"
			SM ""이수만 일감몰아주기 의혹 사실 아냐…법적 문제 없다""
		",2019.05.30. 오전 11:51
"
			故 설리 발인, 가족·동료 배웅 속 영면
		",2019.10.17. 오전 9:22
"경찰 ""故 설리 자택서 심경 담은 메모 발견""",2019-10-14 20:35
"'빌보드1위' 슈퍼엠, 국내 방송 녹화 전격 취소...故 설리 애도 물결 이어져",2019-10-14 21:06
"
			샤이니·엑소·NCT 뭉친 K팝 어벤저스 '슈퍼엠' 빌보드 200 1위
		",2019.10.14. 오전 10:44
"
			레드벨벳 신곡 의상, 해외 브랜드 도용 의혹 제기
		",2019.08.20. 오후 3:47
"
			강타·우주안 열애설...""영상 업로드는 실수, 몇 년 전 끝난 인연""
		",2019.08.01. 오전 9:19
"
			'제2의 BTS' 될까…NCT127, 빌보드 11위 등극
		",2019.06.05. 오전 10:55
"이수만, 멋쩍은 주식부자 1위",2019-06-10 3:11
"
			엑소 디오, 7월 1일 군입대 할 듯…엑소 멤버 중 두 번째로 입대
		",2019.05.30. 오전 11:06
"
			'열정 만수르' 유노윤호, 데뷔 15년만에 첫 솔로 앨범
		",2019.05.28. 오후 2:45
"[단독]H.O.T, 'H.O.T'는 못 쓰지만 '하이파이브 오브 틴에이저스'는 쓸 수 있다",2019-04-26 11:23
탄탄하게 구축된 교수와의 인적 네트워크,2019-03-20 10:10
"동북아 최고 글로벌 교육 허브를 향해 ...인천글로벌캠퍼스 7년, 선진교육 통합형인재양성의 결실 그 졸업생 이야기",2019-03-20 10:07
"
			'아이돌커플' 카이·제니, 공개 연애 한 달만에 결별
		",2019.01.25. 오후 5:17
아이돌 손잡고 해외시장 공략 나서,2019-01-22 3:11
"美 빌보드, 상품+음반 끼워팔기 꼼수 나오자 차트 산정 규칙 강화",2019-11-27 14:28
기내 좌석벨트는 이렇게 슈퍼엠 오빠들이 알려주네,2019-11-05 3:16
"악플 비극, 더이상 없도록 나서겠습니다",2019-11-16 3:44
"'슈퍼주니어' 최시원, 유니세프 동아태 친선대사",2019-11-08 3:40
中서 한국여행 검색하면 빈페이지… 한국영화·드라마도 사라져,2019-11-01 3:07
"
			제시카, 美서 K팝 다룬 소설 '샤인' 출간하며 작가 데뷔
		",2019.10.11. 오후 2:25
"민노총 ""여성 혐오에 맞서 싸운 젊은 여성들의 동지"" 애도 성명 발표",2019-10-16 14:56
"
			매니지먼트협회 ""故 설리 애도…악플러 근절 위해 초강경 대응할 것""
		",2019.10.16. 오전 11:14
"경찰 ""국과수, 설리 부검 결과 '타살 혐의점 없음' 구두 소견""",2019-10-16 13:59
"악플 시달린 연예인 설리, 숨진 채 발견",2019-10-15 3:09
"
			설리 죽음에 구혜선⋅구하라⋅신현준 등 동료 연예인 애도 물결
		",2019.10.15. 오전 9:07
"아델·샘 스미스 키운 스타 양성소, K팝에 눈돌리다",2019-10-02 3:30
"[속보] 연예인 설리, 자택서  숨진 채 발견…경찰 ""극단적 선택한 듯""",2019-10-14 17:11
"외신 “케이팝스타 설리, 끔찍한 온라인 학대 맞서다 숨져”",2019-10-14 21:00
"아역배우 출신 故 설리, 걸그룹 가수로 변신했다 다시 연기자로",2019-10-14 17:51
"검찰, 장우혁 'H.O.T. 상표 무단사용' 무혐의 처분",2019-09-26 16:46
"추석 상품권 깡, 블록체인 앞에선 꽝",2019-09-05 3:10
"장우혁, H.O.T. 상표 무단 사용으로 고소당해... 검찰 조사",2019-09-05 11:14
이젠 EDM 디제이 '효'로 불러주세요,2019-09-05 4:18
"
			K팝은 한일 관계 무풍 지대… ""언니오빠 보러 용돈 모아 일본에서 왔어요�l""
		",2019.08.13. 오전 3:07
"이재룡, 술취해 볼링장 간판 파손...검찰, 기소유예 처분",2019-08-06 15:39
"
			가수 아니면 요리사 됐을 것이라던 엑소 도경수, 조리병으로 군 복무
		",2019.08.06. 오후 5:35
"
			강타⋅우주안 ""서로 인연 정리하기로 결정...심려 끼쳐 죄송""
		",2019.08.02. 오후 5:15
"
			'BTS 소속사' 빅히트, 2020년 5월 용산 신사옥으로 확장 이전
		",2019.07.02. 오전 9:22
"
			""7월은 엑소의 달"" 엑소, 솔로⋅유닛⋅콘서트 다채로운 활동 예고
		",2019.06.28. 오후 5:41
"
			""오늘은 연예계 軍 '바통터치'의 날"" 엑소 디오 입대·김수현 제대
		",2019.07.01. 오전 10:09
"
			엑소 찬열, 中 사생팬 경찰에 신고 ""오피스텔 무단침입 시도""
		",2019.06.21. 오후 2:36
"
			NCT 127, 북미⋅남미에 이어 유럽 투어 개최
		",2019.06.10. 오후 1:56
"박진영, 이수만 제치고 ‘연예인 주식부자 1위' 올라…양현석도 '승리여파'에 흔들",2019-04-21 10:54
"
			NCT 127, 美 빌보드200 11위…BTS 다음으로 최고기록
		",2019.06.04. 오후 1:28
'한류스타' 박유천의 추락…눈물의 기자회견→마약양성→계약해지→구속,2019-04-27 8:03
"팬클럽 문화까지 수출하는 한류… 美아미들, BTS 1등 만들기 총공격",2019-04-27 3:03
"BTS·엑소 음악, 美 맨해튼 중심 '링컨센터'서 울린다",2019-05-01 10:04
"[아무튼, 주말] 클럽에서 태어난 제국, 제국에서 추락한 '약국'… 휘청이는 YG",2019-03-23 3:02
"NCT127, 글로벌 시장 진출",2019-04-06 3:04
승리 스캔들에 YG엔터 이틀새 1337억 증발,2019-03-13 3:11
"이청아·정유미 ""'정준영 몰카' 악성 루머 불쾌…법적 조치 강구""",2019-03-13 11:12
정준영 '지라시' 돌리다 사이버명예훼손 걸린다,2019-03-13 16:52
"최종훈·이종현·걸그룹 멤버 오빠도, ""나와 무관"" 잇따라 실명 해명",2019-03-12 22:10
떠도는 '정준영 몰카 피해 여성' 리스트...2·3차 피해 우려,2019-03-12 17:59
"샤이니 민호, 4월 해병대 입대… 온유·키 이어 세 번째",2019-03-21 17:10
"방시혁, 서울대 졸업식 축사… “나와 방탄소년단을 만든 건 부조리에 대한 분노”",2019-02-26 15:15
"'방탄의 아버지' 방시혁, 서울대 졸업식 축사 한다",2019-02-23 3:06
"SKT, MWC서 영상품질 개선기술 '수퍼노바' 공개",2019-02-19 3:12
"
			엑소 카이·블랙핑크 제니 열애…""호감 갖고 있는 사이""
		",2019.01.01. 오후 5:42
"美 한류팬들, 200만원 들여 아기 사슴에 ‘NCT 해찬’ 이름 선물",2019-01-25 11:07
"5G, 미디어·게임서 시작",2019-01-10 3:09
TV·가전은 질주중… AI·로봇·자율주행차는 추격중,2019-01-10 3:09
"삼성, 앙숙 애플과 한 배 타다",2019-01-08 3:10
"수익률 91%…SM 강타, 스톡옵션 주식 2200주 또 처분",2022-12-12 11:38
"이수만 물러난다는 소식에, SM엔터 주가 18% 뛰었다",2022-09-16 22:44
미국·일본…해외 신년 방송 장식하는 K팝,2022-12-31 10:42
"SM엔터테인먼트, 2021년 창사 이래 최대 실적…처음으로 배당",2022-02-25 8:43
"게임업체 컴투스, SM에 투자",2022-11-02 3:02
"이수만 떠난 SM 주가 오르자…강타, 스톡옵션으로 대박",2022-09-28 17:28
"도쿄돔서 울려퍼진 H.O.T의 ‘빛’... 강타, 보아부터 에스파, NCT까지 SM 총출동했네",2022-09-10 3:01
"이수만, SM 음반 기획 손 뗄까...SM “프로듀싱 계약 종료 검토”",2022-09-15 18:56
이수만‧사우디 장관 만남에 깜짝 등장한 ‘SM 이사’ 보아,2022-06-12 8:03
“中 쇼트 금메달 기뻐” 에스파 닝닝 논란 후 SM 주가 출렁,2022-02-08 17:18
SM 이수만이 건설회사 임원들 앞에서 연설한 까닭은?,2022-08-31 20:29
SM서 소녀시대·엑소 만든 ‘아이돌 대모’ BTS 소속사로 옮겨 새 걸그룹 띄웠다,2022-07-23 3:04
‘CD없는 앨범’ ‘콩기름 잉크 포토’… 팬들이 바꿔가는 친환경 K팝,2022-11-10 11:31
"[아무튼, 주말] 색다른이야기#이준석#강타",2022-09-10 10:01
3년 만에 도쿄돔에서 K-POP공연...日 전국에서 15만명 몰려,2022-08-30 13:06
"
			디즈니 표절 논란 소녀시대 뮤비 속 세트…감독 “부끄럽고 죄송”
		",2022.08.15. 오전 12:10
하이브 ‘민희진표 걸그룹’ 첫 공개...10대 풋풋함 담은 ‘뉴 진스’,2022-07-22 17:16
외신들도 극찬한 이 동네 버스 정류장 “우리 區 작은 정책 전국 퍼질 때 희열”,2022-06-25 3:05
마스크 벗고 떼창에… K팝 관련주도 꺄악~,2022-05-09 5:28
“만지는 거 빼고 다 했다” 에스파 성희롱 이수만 모교생 결국…,2022-05-18 21:17
이수만 모교서 봉변 당한 에스파…“만지는 거 빼고 다 했다”,2022-05-02 17:46
"
			‘아이돌 손가락 욕’ 폭로 유튜버 결국 사과…“찬열에 피해 죄송”
		",2022.04.28. 오후 2:19
CEO ‘폴더’ 사과에 걸그룹 사인까지…주총이 뭐길래,2022-04-04 6:01
임영웅·현빈·손예진·이정재·정우성 1억씩 기부…산불 피해돕기 뜻 모아,2022-03-09 7:22
"脫코로나 주식, 슬슬 시동 중?",2022-02-07 16:46
K팝 배우러 오면 ‘한류 비자’ 내준다,2022-02-03 3:03
"김희선·임영웅·영탁 등 산불 성금… 이수만·SM 5억, JYP엔터 3억",2022-03-10 3:01
"LGD, 밟고 다녀도 멀쩡한 투명 OLED 첫 전시",2022-11-30 10:50
"‘성폭력 혐의’ 前 엑소 멤버 크리스, 중국에서 징역 13년",2022-11-25 17:33
"
			“욘사마가 사라졌다” 배용준 홈페이지, 매물로…연예계 은퇴하나
		",2022.11.13. 오후 4:40
애도기간 끝났어도 조심스러운 마케팅… 대목맞이 할인행사만,2022-11-08 3:02
[부음] 강신영 前 광주지방변호사회 회장 별세 외,2022-11-15 3:01
“밀지 말라고 경고했는데…” NCT 127 콘서트장서 인니 관객 30명 실신,2022-11-06 9:44
지자체 축제 줄줄이 취소... 기업·문화계도 핼러윈 행사 접기로,2022-10-30 21:08
美 역사상 가장 큰 K팝 행사에 아이돌 절반이 ‘노쇼’… 무슨 일?,2022-10-16 15:37
"사우디 오일머니, 한국에 쏟아진다",2022-09-27 3:04
"10대 걸그룹 ‘뉴진스’, 가사 속 ‘성상품화·선정성’ 논란",2022-08-27 16:34
"K팝 행동주의, “내 가수도 구하고 지구도 살리겠다”",2022-07-22 3:02
한물갔다고? ‘군대썰’ 풀며 아재美 뿜뿜하는 그들이 돌아왔다,2022-07-16 3:06
에스파 ‘ㄷ춤’ 추면 AI가 자세 교정... 이 앱 뭐지?,2022-06-30 17:30
尹대통령이 개최한 재정회의...권오현·이수만 등 민간전문가도 참여,2022-07-07 20:57
尹 “지난 5년 재정 크게 악화... 재정만능 환상서 벗어나야”,2022-07-07 14:28
쓱닷컴 “연내 상장 안한다”… 폭락 증시에 IPO 기업들 패닉,2022-06-17 3:03
“1990년 데뷔 듀오에 90년대생 팬이 몰리다니… 깜짝 놀랐죠”,2022-06-15 3:04
"“간통했다면 스스로 감옥갈 것” 前 엑소 크리스, 체포 10개월 만에 재판",2022-06-12 15:50
그 시절 우리가 좋아했던 ‘소녀시대’...8월 5년 만의 컴백,2022-05-17 12:32
"“송해, 대중문화 예술인의 상징적 존재”",2022-06-10 3:03
용산 미8군 무대·종로 음악감상실… 공간 중심으로 대중음악史 풀었어요,2022-06-10 3:03
3년 근속하면 6개월 쉴 수 있는 회사가 있다?,2022-05-06 6:01
[NOW] “제2 BTS 될래” 미국서 1만3000명 몰려,2022-04-11 3:03
BTS·블랙핑크가 한국어 선생님… 아이돌 타고 ‘돌민정음’ 전세계로  [NOW],2022-04-04 3:01
"
			“스쿠터 타고 출근하는데… 벤츠 G바겐 탄 아이돌이 손가락 욕 날려”
		",2022.04.27. 오후 4:07
"
			2년 만에 돌아온 美 최대 음악축제 코첼라, K팝 스타 대거 진출
		",2022.04.19. 오후 5:03
가요계 코로나 비상…샤이니 키‧세븐틴 호시‧블락비 피오 줄줄이 확진,2022-03-03 15:02
"4세대 K팝 아이돌, 출발부터 세계 무대",2022-02-11 3:02
"“천상의 목소리”로 불리던 英 신동, 태연 신곡 K팝 작곡가로",2022-03-10 3:03
"카카오, 주식만 반토막 난 게 아니었네",2022-02-17 16:53
[금주의 pick] 호그와트에서 온 초대장 외,2022-01-18 3:04
슈주 최시원 “제가 스타트업에 투자해 얼마를 벌었나면요”,2022-01-27 17:55
"강남 뺨 치는  강북 초고가 월세,  건물 진동에 안전점검한 아크로포레스트 2700만원 1위",2022-01-23 9:59
