TITLE,DATE
"하이브 美법인 대표, 지분 185억원 어치 매도... 주가 2.7% 하락",2023-06-02 16:27
AI와의 지독한 갈등이 시작됐다 : 10대 사건 [류현정의 아하! 스토리],2023-06-29 7:01
하이브 60%·JYP 40%·YG 30%… 질주하는 ‘K팝’ 관련주,2023-05-09 3:02
“하이브·JYP·SM 온 뒤 매출 껑충”… 기획사 상권 뜬다,2023-04-14 4:58
"하이브, SM주식 절반도 못팔았다",2023-03-28 3:03
하이브 횡재하나… 12만원에 산 SM 주식 15만원에 넘긴다,2023-03-25 3:04
"하이브, 카카오에 SM 지분 판다… 1100억 차익 예상",2023-03-24 15:27
"하이브, SM 인수 중단... 카카오에 경영권 넘기고 협력 합의",2023-03-12 11:24
하이브 “SM 인수 경쟁 과열로 적정가격 넘어”,2023-03-12 11:23
[단독]SM 놓고 ‘1조 쩐의 전쟁’ 카카오-하이브 전격 합의,2023-03-11 9:01
"하이브 공개매수 참패, 카카오는 계약해지… SM 운명은",2023-03-06 17:43
하이브 공화국 vs 카카오 제국... “오만·분열로 망한 J팝처럼 될라”,2023-02-18 3:03
월가도 울고 갈 ‘쩐’의 드리블⋯ 카카오·네이버·하이브·CJ의 베팅 [류현정의 아하! 스토리],2023-02-16 7:01
SM “하이브에 합병되면 SM 가수들 뒷전될 것” 또 비판 성명,2023-02-20 14:57
SM 지분 전쟁… 하이브가 15%이상 인수땐 독과점 심사 받는다,2023-02-10 15:10
하이브 박지원 대표 “SM 유산 존경… 이수만 경영은 절대 없다”,2023-02-14 15:41
"SM 놓고, 하이브·카카오 전쟁 시작됐다",2023-02-11 3:05
카카오가 SM 경영권 가져가고… 하이브는 플랫폼 사업 협업,2023-03-13 3:02
"“1조 이상 베팅”… 카카오·하이브, SM 놓고 ‘쩐의 전쟁’",2023-03-08 3:16
"네이버 손잡은 하이브, 카카오와 엔터·플랫폼 ‘원톱’ 싸움",2023-02-11 3:05
"이수만 지분 사들인 방시혁… 하이브-카카오, SM 주인 놓고 격돌",2023-02-10 15:48
"SM 처조카의 폭로전 “이수만 역외탈세 의혹, 하이브는 몰랐나”",2023-02-16 11:29
"SM 공개매수 마지막 날, 주가 5%대 급등...하이브 VS 카카오 향방은?",2023-02-28 14:56
SM 주가 12만원 뚫어…하이브 공개매수 지분확보에도 적신호,2023-02-15 21:08
"하이브, SM 공개매수 돌입… 고래싸움에 새우들 신났다",2023-02-14 3:03
K팝이 반도체·AI에 흠뻑 빠졌다,2023-05-11 3:03
아티스트 속속 복귀하자… 엔터株 상승세,2023-04-18 3:03
위기인가 성장통인가… 기로에 선 K팝,2023-02-25 3:02
롯데 13년만에 재계 순위 6위로 밀려… 5위 올라선 기업은,2023-04-25 15:12
"게임사, 이젠 영화·드라마에도 ‘목숨’건다",2023-04-14 3:01
경영권 인수전 막 내리니… SM 주가 23% 곤두박질,2023-03-13 16:42
"이수만 손 들어준 법원...“카카오, SM 신주 취득은 위법”",2023-03-04 3:06
"이복현, SM 시세조종 의혹에 “무관용으로 책임 묻겠다”",2023-03-02 14:59
[7NEWS] 마일리지에 손 대려다 ‘손 덴’ 대한항공,2023-02-20 19:01
"중국 벗어나니 세계가 보이더라, 中의 압박이 부른 반전",2023-05-31 3:11
"[김도훈의 유행민감] 유행은 사라지고 개성은 휘발되는, 독점적 ‘멋진 신세계’",2023-06-09 3:03
[단독] BTS 단체활동 중단 발표전 주식 매도?,2023-04-29 5:01
‘SM 시세조작 의혹’ 카카오 임직원 수사,2023-04-07 4:06
"금감원 특사경, SM엔터 시세조종 의혹 관련 카카오 압수수색",2023-04-06 17:24
"카카오, SM 공개매수 대흥행... SM 주가는 11% 급락",2023-03-27 11:16
SM사태 이후 한풀 꺾인 엔터株… “전망 긍정적”,2023-03-21 3:02
SM 인수 치열해지자… 엔터주 보유 개미들 신났다,2023-03-10 3:03
SM 폭등… 카카오 “SM 주식 15만원에 공개매수” 공시,2023-03-07 8:49
"퀴즈왕 출신 흙수저, 1%의 주주 권리로 K팝 지축 흔들다",2023-02-25 3:09
"추가 폭로 예고한 이수만 처조카… 국세청, 탈세의혹 확인 착수",2023-02-17 3:44
SM 2대 주주 오르는 카카오 “양측 강점 살려 전방위 시너지 효과”,2023-02-10 15:30
"이수만, 처조카가 등돌리자 라이벌과 연합… SM 지분전쟁 내막",2023-02-11 3:05
되살아난 ‘한한령’ 악몽… 네이버·엔터株 제동 걸리나,2023-05-26 3:03
[단독] 전세계 아미 “BTS 보러 서울 가자”… 방 구하기 전쟁,2023-05-18 5:01
"발디딜틈 없는 용리단길... 용산, 관광·쇼핑 메카로 뜬다",2023-04-08 3:03
"“가사가 모든 과정 대변”  SM 주총 앞둔 이수만, 선택한 노래",2023-03-31 13:16
[일사일언] 있을 때 잘해,2023-04-07 3:01
"SM, 공개매수 마감 앞두고 4%대 급락",2023-03-24 3:03
"올해 주가 크게 오른 주식, 사연 알고보니",2023-04-10 16:51
"방시혁 “K팝 성장 둔화, 위기 시작...BTS 돌아와도 해결 안돼”",2023-03-15 20:55
못말리는 SM 주가,2023-03-09 3:04
‘BTS 아버지’ 방시혁 입 열었다 “SM 인수에 나선 이유는…”,2023-03-03 13:34
"올해 경영권 분쟁, 3년전의 2배 넘어… 주가 급등에 개미들 신났다",2023-03-23 21:01
"이성수 SM 대표 “주총후 사임할 것… 이수만, 무릎 꿇고 모두에 용서구해야”",2023-02-18 3:03
이수만 처조카 “SM 대표 사임... 그의 탐욕‧독재 못 막았다”,2023-02-17 21:50
"BTS, 日 골든디스크 4관왕… 5년 연속 ‘아시아 아티스트상’",2023-03-11 3:02
"[논설실의 뉴스 읽기] 자본시장 흔드는 행동주의 투자자… 하이에나인가, 창조적 파괴자인가",2023-02-24 3:05
‘SM 전쟁’ 촉발 이창환 “기업 가치 높여 이익 내는 게 목표… 사회운동 아니다”,2023-02-12 15:37
"한샘, 공개매수 여파로 주가 20% 급등",2023-03-02 17:15
"소송 예고장이 불씨였다, 처조카 SM대표가 이수만에 등돌린 이유",2023-02-17 13:27
"이수만, SM 갈등 후 첫 공식 석상...1시간 내내 ‘K팝 나무 심기’ 강조만",2023-02-15 15:40
“이수만 퇴진 반대” 김민종에 직원들 “정신 차려야”…SM 내분 터졌다,2023-02-07 7:06
SM 주가 60% 뛰기 6주 전 경영이슈 거론한 국내 증권사,2023-02-27 3:03
[Biz 톡] 계란으로 바위 쳐 SM 흔든 ‘행동주의’ 韓 시장서 자리잡나,2023-02-13 3:33
"KKR·칼라일 출신들, 자본시장 격변 일으키다",2023-02-15 3:03
"이수만, SM 분쟁 후 첫 공식석상…경영권 질문엔 침묵",2023-02-14 20:54
“BTS 빈자리는 우리에게”… K팝 세대교체 선언,2023-01-13 3:04
[2030 플라자] “K팝 아이돌은 좋지만 한국은 싫다”,2023-01-12 3:02
